<?xml version="1.0" encoding="UTF-8"?>
<GenRun Id="impl_1" LaunchPart="xc7a100tfgg484-2L" LaunchTime="1619442852">
  <File Type="BITSTR-BMM" Name="Board_bd.bmm"/>
  <File Type="OPT-METHODOLOGY-DRC" Name="Board_methodology_drc_opted.rpt"/>
  <File Type="INIT-TIMING" Name="Board_timing_summary_init.rpt"/>
  <File Type="ROUTE-PWR" Name="Board_power_routed.rpt"/>
  <File Type="PA-TCL" Name="Board.tcl"/>
  <File Type="OPT-TIMING" Name="Board_timing_summary_opted.rpt"/>
  <File Type="OPT-DCP" Name="Board_opt.dcp"/>
  <File Type="ROUTE-PWR-SUM" Name="Board_power_summary_routed.pb"/>
  <File Type="REPORTS-TCL" Name="Board_reports.tcl"/>
  <File Type="OPT-DRC" Name="Board_drc_opted.rpt"/>
  <File Type="OPT-HWDEF" Name="Board.hwdef"/>
  <File Type="PWROPT-DCP" Name="Board_pwropt.dcp"/>
  <File Type="PWROPT-DRC" Name="Board_drc_pwropted.rpt"/>
  <File Type="PWROPT-TIMING" Name="Board_timing_summary_pwropted.rpt"/>
  <File Type="PLACE-DCP" Name="Board_placed.dcp"/>
  <File Type="PLACE-IO" Name="Board_io_placed.rpt"/>
  <File Type="PLACE-CLK" Name="Board_clock_utilization_placed.rpt"/>
  <File Type="PLACE-UTIL" Name="Board_utilization_placed.rpt"/>
  <File Type="PLACE-UTIL-PB" Name="Board_utilization_placed.pb"/>
  <File Type="PLACE-CTRL" Name="Board_control_sets_placed.rpt"/>
  <File Type="PLACE-SIMILARITY" Name="Board_incremental_reuse_placed.rpt"/>
  <File Type="PLACE-PRE-SIMILARITY" Name="Board_incremental_reuse_pre_placed.rpt"/>
  <File Type="PLACE-TIMING" Name="Board_timing_summary_placed.rpt"/>
  <File Type="POSTPLACE-PWROPT-DCP" Name="Board_postplace_pwropt.dcp"/>
  <File Type="BG-BIN" Name="Board.bin"/>
  <File Type="POSTPLACE-PWROPT-TIMING" Name="Board_timing_summary_postplace_pwropted.rpt"/>
  <File Type="PHYSOPT-DCP" Name="Board_physopt.dcp"/>
  <File Type="PHYSOPT-DRC" Name="Board_drc_physopted.rpt"/>
  <File Type="BITSTR-MSK" Name="Board.msk"/>
  <File Type="PHYSOPT-TIMING" Name="Board_timing_summary_physopted.rpt"/>
  <File Type="ROUTE-ERROR-DCP" Name="Board_routed_error.dcp"/>
  <File Type="ROUTE-DCP" Name="Board_routed.dcp"/>
  <File Type="ROUTE-BLACKBOX-DCP" Name="Board_routed_bb.dcp"/>
  <File Type="ROUTE-DRC" Name="Board_drc_routed.rpt"/>
  <File Type="ROUTE-DRC-PB" Name="Board_drc_routed.pb"/>
  <File Type="ROUTE-DRC-RPX" Name="Board_drc_routed.rpx"/>
  <File Type="BITSTR-MMI" Name="Board.mmi"/>
  <File Type="ROUTE-METHODOLOGY-DRC" Name="Board_methodology_drc_routed.rpt"/>
  <File Type="ROUTE-METHODOLOGY-DRC-RPX" Name="Board_methodology_drc_routed.rpx"/>
  <File Type="ROUTE-METHODOLOGY-DRC-PB" Name="Board_methodology_drc_routed.pb"/>
  <File Type="ROUTE-PWR-RPX" Name="Board_power_routed.rpx"/>
  <File Type="ROUTE-STATUS" Name="Board_route_status.rpt"/>
  <File Type="ROUTE-STATUS-PB" Name="Board_route_status.pb"/>
  <File Type="ROUTE-TIMINGSUMMARY" Name="Board_timing_summary_routed.rpt"/>
  <File Type="ROUTE-TIMING-PB" Name="Board_timing_summary_routed.pb"/>
  <File Type="ROUTE-TIMING-RPX" Name="Board_timing_summary_routed.rpx"/>
  <File Type="ROUTE-SIMILARITY" Name="Board_incremental_reuse_routed.rpt"/>
  <File Type="ROUTE-CLK" Name="Board_clock_utilization_routed.rpt"/>
  <File Type="ROUTE-BUS-SKEW" Name="Board_bus_skew_routed.rpt"/>
  <File Type="ROUTE-BUS-SKEW-PB" Name="Board_bus_skew_routed.pb"/>
  <File Type="ROUTE-BUS-SKEW-RPX" Name="Board_bus_skew_routed.rpx"/>
  <File Type="POSTROUTE-PHYSOPT-DCP" Name="Board_postroute_physopt.dcp"/>
  <File Type="POSTROUTE-PHYSOPT-BLACKBOX-DCP" Name="Board_postroute_physopt_bb.dcp"/>
  <File Type="POSTROUTE-PHYSOPT-TIMING" Name="Board_timing_summary_postroute_physopted.rpt"/>
  <File Type="POSTROUTE-PHYSOPT-TIMING-PB" Name="Board_timing_summary_postroute_physopted.pb"/>
  <File Type="POSTROUTE-PHYSOPT-TIMING-RPX" Name="Board_timing_summary_postroute_physopted.rpx"/>
  <File Type="POSTROUTE-PHYSOPT-BUS-SKEW" Name="Board_bus_skew_postroute_physopted.rpt"/>
  <File Type="POSTROUTE-PHYSOPT-BUS-SKEW-PB" Name="Board_bus_skew_postroute_physopted.pb"/>
  <File Type="BG-BIT" Name="Board.bit"/>
  <File Type="POSTROUTE-PHYSOPT-BUS-SKEW-RPX" Name="Board_bus_skew_postroute_physopted.rpx"/>
  <File Type="BITSTR-RBT" Name="Board.rbt"/>
  <File Type="BITSTR-NKY" Name="Board.nky"/>
  <File Type="PDI-FILE" Name="Board.pdi"/>
  <File Type="RCFI_FILE" Name="Board.rcfi"/>
  <File Type="CFI_FILE" Name="Board.cfi"/>
  <File Type="RNPI_FILE" Name="Board.rnpi"/>
  <File Type="NPI_FILE" Name="Board.npi"/>
  <File Type="RBD_FILE" Name="Board.rbd"/>
  <File Type="BITSTR-LTX" Name="debug_nets.ltx"/>
  <File Type="BITSTR-LTX" Name="Board.ltx"/>
  <File Type="BITSTR-SYSDEF" Name="Board.sysdef"/>
  <File Type="BG-BGN" Name="Board.bgn"/>
  <File Type="BG-DRC" Name="Board.drc"/>
  <File Type="RDI-RDI" Name="Board.vdi"/>
  <File Type="WBT-USG" Name="usage_statistics_webtalk.html"/>
  <FileSet Name="sources" Type="DesignSrcs" RelSrcDir="$PSRCDIR/sources_1" RelGenDir="$PGENDIR/sources_1">
    <Filter Type="Srcs"/>
    <File Path="$PSRCDIR/sources_1/new/regFile.v">
      <FileInfo>
        <Attr Name="UsedIn" Val="synthesis"/>
        <Attr Name="UsedIn" Val="implementation"/>
        <Attr Name="UsedIn" Val="simulation"/>
      </FileInfo>
    </File>
    <File Path="$PSRCDIR/sources_1/new/Display.v">
      <FileInfo>
        <Attr Name="UsedIn" Val="synthesis"/>
        <Attr Name="UsedIn" Val="implementation"/>
        <Attr Name="UsedIn" Val="simulation"/>
      </FileInfo>
    </File>
    <File Path="$PSRCDIR/sources_1/new/Board.v">
      <FileInfo>
        <Attr Name="UsedIn" Val="synthesis"/>
        <Attr Name="UsedIn" Val="implementation"/>
        <Attr Name="UsedIn" Val="simulation"/>
      </FileInfo>
    </File>
    <File Path="$PSRCDIR/sources_1/new/regfile_Usr_Sys_State.v">
      <FileInfo>
        <Attr Name="UsedIn" Val="synthesis"/>
        <Attr Name="UsedIn" Val="implementation"/>
        <Attr Name="UsedIn" Val="simulation"/>
      </FileInfo>
    </File>
    <Config>
      <Option Name="DesignMode" Val="RTL"/>
      <Option Name="TopModule" Val="Board"/>
    </Config>
  </FileSet>
  <FileSet Name="constrs_in" Type="Constrs" RelSrcDir="$PSRCDIR/constrs_1">
    <Filter Type="Constrs"/>
    <File Path="$PSRCDIR/constrs_1/new/Board.xdc">
      <FileInfo>
        <Attr Name="UsedIn" Val="synthesis"/>
        <Attr Name="UsedIn" Val="implementation"/>
      </FileInfo>
    </File>
    <Config>
      <Option Name="ConstrsType" Val="XDC"/>
    </Config>
  </FileSet>
  <FileSet Name="utils" Type="Utils" RelSrcDir="$PSRCDIR/utils_1">
    <Filter Type="Utils"/>
    <Config>
      <Option Name="TopAutoSet" Val="TRUE"/>
    </Config>
  </FileSet>
  <Strategy Version="1" Minor="2">
    <StratHandle Name="Vivado Implementation Defaults" Flow="Vivado Implementation 2020"/>
    <Step Id="init_design"/>
    <Step Id="opt_design"/>
    <Step Id="power_opt_design"/>
    <Step Id="place_design"/>
    <Step Id="post_place_power_opt_design"/>
    <Step Id="phys_opt_design"/>
    <Step Id="route_design"/>
    <Step Id="post_route_phys_opt_design"/>
    <Step Id="write_bitstream"/>
  </Strategy>
</GenRun>
